{"area_open_l": 3546, "area_open_r": 3991, "area_closed_l": 1744, "area_closed_r": 1186, "off_lx": 0.42277818064620093, "off_ly": 0.4144811054709532, "off_rx": 0.4739735834198375, "off_ry": 0.26038169214064977}