{"lx": 0.5402806144715021, "ly": 0.40151828576416165, "rx": 0.47818230334080475, "ry": 0.4640111004376134}